{
    "audio_data": {
        "final_prediction": "anger",
        "fluency_output": [
            16546.2400299808,
            25334.97186510465,
            31367.95273933298,
            34581.92119489494,
            38038.013442260446,
            30924.49613267542,
            39463.041862455226,
            30587.616746168183,
            32579.48724624637,
            37165.1904822381,
            38190.631052729164,
            28989.78850342418,
            39168.6565362385,
            29373.24919302842,
            31170.848013940195,
            37393.16866097789,
            37202.580753815215,
            35676.13688462522,
            37839.141027734695,
            28601.889108631094,
            33009.01759411258,
            41377.82021992581,
            34687.675083955095,
            34748.454402190924,
            36497.42960586921,
            32110.0088959835,
            19288.212570462827
        ],
        "counts": {
            "anger": 33,
            "disgust": 0,
            "fear": 5,
            "happy": 10,
            "sad": 6,
            "surprise": 0
        },
        "predictions": [
            "fear",
            "fear",
            "fear",
            "sad",
            "sad",
            "anger",
            "sad",
            "fear",
            "happy",
            "fear",
            "sad",
            "sad",
            "sad",
            "anger",
            "anger",
            "anger",
            "anger",
            "anger",
            "anger",
            "anger",
            "anger",
            "anger",
            "happy",
            "anger",
            "anger",
            "anger",
            "anger",
            "anger",
            "anger",
            "anger",
            "anger",
            "happy",
            "anger",
            "anger",
            "anger",
            "anger",
            "anger",
            "anger",
            "happy",
            "happy",
            "happy",
            "happy",
            "anger",
            "anger",
            "anger",
            "anger",
            "anger",
            "happy",
            "happy",
            "anger",
            "anger",
            "anger",
            "happy",
            "anger"
        ],
        "min_prediction": "disgust",
        "neutrality_value": 5,
        "total_predicted_values": 54
    },
    "text_data": {
        "final_prediction": "happy",
        "counts": {
            "anger": 0,
            "disgust": 0,
            "fear": 0,
            "happy": 51,
            "sad": 3,
            "surprise": 3
        },
        "predictions": [
            "happy",
            "happy",
            "happy",
            "happy",
            "happy",
            "happy",
            "happy",
            "happy",
            "happy",
            "happy",
            "surprise",
            "sad",
            "happy",
            "happy",
            "happy",
            "happy",
            "happy",
            "happy",
            "happy"
        ],
        "min_prediction": "anger",
        "neutrality_value": 3,
        "total_predicted_values": 57
    }
}