{
    "image_data": {
        "final_prediction": "surprise",
        "counts": {
            "anger": 2,
            "disgust": 2,
            "fear": 24,
            "happy": 0,
            "sad": 0,
            "surprise": 44
        },
        "predictions": [
            "surprise",
            "surprise",
            "fear",
            "fear",
            "surprise",
            "surprise",
            "surprise",
            "fear",
            "surprise",
            "surprise",
            "surprise",
            "surprise",
            "fear",
            "fear",
            "anger",
            "surprise",
            "surprise",
            "surprise",
            "fear",
            "surprise",
            "surprise",
            "disgust",
            "surprise",
            "fear",
            "fear",
            "surprise",
            "fear",
            "surprise",
            "surprise",
            "fear",
            "surprise",
            "surprise",
            "fear",
            "surprise",
            "surprise",
            "fear"
        ],
        "min_prediction": "happy",
        "neutrality_value": 68,
        "total_predicted_values": 72
    },
    "audio_data": {
        "final_prediction": "fear",
        "fluency_output": [
            2763.806938455807,
            3215.820507838716,
            2728.7256835601356,
            2693.894945525836,
            2530.9188193485197,
            3139.4668598028147,
            3912.821447148091,
            3340.7557958382918,
            3290.2740760936313,
            3575.4528987269196,
            3097.9075810847203,
            2751.505013869966,
            1701.2666072617567,
            3587.910785404919,
            2937.5352177245095,
            2793.1585334147576,
            2839.9054311024784,
            3714.155165818848,
            2181.937777020086,
            2630.791126331633,
            3500.9651018131294,
            3152.439390567397,
            3560.8616340661392,
            3608.4352902210076,
            3493.329612271613,
            4218.714422347519,
            2664.5104193097527,
            2807.9172683715065,
            3734.3412398061873,
            4169.628017361911,
            3628.364630380466,
            3527.585622207431
        ],
        "counts": {
            "anger": 15,
            "disgust": 5,
            "fear": 21,
            "happy": 6,
            "sad": 17,
            "surprise": 0
        },
        "predictions": [
            "fear",
            "fear",
            "fear",
            "fear",
            "sad",
            "disgust",
            "happy",
            "sad",
            "anger",
            "anger",
            "anger",
            "anger",
            "fear",
            "anger",
            "sad",
            "anger",
            "sad",
            "anger",
            "anger",
            "sad",
            "sad",
            "sad",
            "disgust",
            "disgust",
            "fear",
            "sad",
            "sad",
            "anger",
            "fear",
            "sad",
            "sad",
            "happy",
            "fear",
            "sad",
            "sad",
            "happy",
            "anger",
            "fear",
            "fear",
            "sad",
            "fear",
            "happy",
            "fear",
            "fear",
            "fear",
            "disgust",
            "fear",
            "happy",
            "fear",
            "sad",
            "anger",
            "anger",
            "sad",
            "fear",
            "anger",
            "fear",
            "anger",
            "fear",
            "fear",
            "sad",
            "anger",
            "disgust",
            "fear",
            "happy"
        ],
        "min_prediction": "surprise",
        "neutrality_value": 21,
        "total_predicted_values": 64
    },
    "text_data": {
        "final_prediction": "happy",
        "counts": {
            "anger": 12,
            "disgust": 0,
            "fear": 0,
            "happy": 141,
            "sad": 3,
            "surprise": 45
        },
        "predictions": [
            "happy",
            "happy",
            "happy",
            "happy",
            "happy",
            "happy",
            "happy",
            "sad",
            "happy",
            "happy",
            "happy",
            "happy",
            "surprise",
            "happy",
            "happy",
            "surprise",
            "happy",
            "surprise",
            "happy",
            "happy",
            "surprise",
            "surprise",
            "happy",
            "happy",
            "happy",
            "happy",
            "happy",
            "happy",
            "happy",
            "anger",
            "happy",
            "happy",
            "happy",
            "anger",
            "happy",
            "happy",
            "happy",
            "anger",
            "happy",
            "happy",
            "happy",
            "happy",
            "surprise",
            "surprise",
            "happy",
            "surprise",
            "surprise",
            "happy",
            "happy",
            "anger",
            "surprise",
            "happy",
            "happy",
            "happy",
            "happy",
            "happy",
            "surprise",
            "surprise",
            "happy",
            "surprise",
            "happy",
            "surprise",
            "happy",
            "surprise",
            "happy",
            "happy",
            "happy"
        ],
        "min_prediction": "disgust",
        "neutrality_value": 45,
        "total_predicted_values": 201
    },
    "video_data": {
        "final_prediction": "fear",
        "counts": {
            "anger": 4,
            "disgust": 2,
            "fear": 6,
            "happy": 1,
            "sad": 5,
            "surprise": 0
        },
        "predictions": [
            "fear",
            "fear",
            "happy",
            "anger",
            "fear",
            "anger",
            "sad",
            "disgust",
            "sad",
            "anger",
            "sad",
            "sad",
            "fear",
            "sad",
            "fear",
            "disgust",
            "fear",
            "anger"
        ],
        "min_prediction": "surprise",
        "neutrality_value": 6,
        "total_predicted_values": 18
    },
    "final_data": {
        "final_prediction": "Higher Chance of Selection",
        "counts": {
            "anger": 33,
            "disgust": 9,
            "fear": 51,
            "happy": 148,
            "sad": 25,
            "surprise": 89
        },
        "neutrality_value": 140,
        "positivity_value": 237,
        "negativity_value": 42,
        "total_predicted_values": 355
    }
}