{
    "image_data": {
        "final_prediction": "fear",
        "counts": {
            "anger": 6,
            "disgust": 2,
            "fear": 78,
            "happy": 6,
            "sad": 0,
            "surprise": 20
        },
        "predictions": [
            "surprise",
            "fear",
            "anger",
            "fear",
            "fear",
            "fear",
            "fear",
            "surprise",
            "anger",
            "fear",
            "surprise",
            "fear",
            "fear",
            "surprise",
            "fear",
            "surprise",
            "fear",
            "fear",
            "fear",
            "happy",
            "disgust",
            "fear",
            "surprise",
            "fear",
            "surprise",
            "fear",
            "fear",
            "fear",
            "surprise",
            "fear",
            "fear",
            "fear",
            "fear",
            "fear",
            "fear",
            "fear",
            "surprise",
            "fear",
            "fear",
            "fear",
            "fear",
            "fear",
            "fear",
            "fear",
            "fear",
            "fear",
            "fear",
            "fear",
            "fear",
            "fear",
            "happy",
            "fear",
            "anger",
            "fear",
            "surprise",
            "happy"
        ],
        "min_prediction": "sad",
        "neutrality_value": 98,
        "total_predicted_values": 112
    },
    "audio_data": {
        "final_prediction": "anger",
        "fluency_output": [
            3641.0952943268603,
            3884.9943639300222,
            4242.55393589324,
            4333.397074692268,
            6839.113823443424,
            6999.90103175474,
            5609.963766144221,
            8147.111850109352,
            3186.311706763761,
            4624.816553113623,
            4268.599126400752,
            6014.770582970866,
            6431.411416516333,
            2565.3047796635765,
            4461.4517138822175,
            4347.843082625033,
            5222.134913529704,
            7092.525362378441,
            4950.058653751432,
            3931.885781931748,
            5738.150054430828,
            3820.65878569881,
            5182.052340028069,
            8153.42349560247,
            8341.352755294656,
            6123.7270569752,
            5842.522426847973,
            7029.355506362823,
            1323.3793923625858
        ],
        "counts": {
            "anger": 45,
            "disgust": 0,
            "fear": 1,
            "happy": 8,
            "sad": 3,
            "surprise": 0
        },
        "predictions": [
            "sad",
            "sad",
            "happy",
            "happy",
            "anger",
            "anger",
            "anger",
            "anger",
            "anger",
            "anger",
            "anger",
            "anger",
            "anger",
            "happy",
            "anger",
            "anger",
            "anger",
            "anger",
            "anger",
            "anger",
            "anger",
            "anger",
            "anger",
            "anger",
            "happy",
            "anger",
            "anger",
            "anger",
            "anger",
            "anger",
            "anger",
            "anger",
            "anger",
            "anger",
            "anger",
            "anger",
            "happy",
            "anger",
            "happy",
            "fear",
            "sad",
            "anger",
            "happy",
            "anger",
            "anger",
            "anger",
            "happy",
            "anger",
            "anger",
            "anger",
            "anger",
            "anger",
            "anger",
            "anger",
            "anger",
            "anger",
            "anger"
        ],
        "min_prediction": "disgust",
        "neutrality_value": 1,
        "total_predicted_values": 57
    },
    "text_data": {
        "final_prediction": "happy",
        "counts": {
            "anger": 6,
            "disgust": 0,
            "fear": 0,
            "happy": 42,
            "sad": 3,
            "surprise": 3
        },
        "predictions": [
            "happy",
            "happy",
            "surprise",
            "sad",
            "happy",
            "happy",
            "happy",
            "happy",
            "happy",
            "happy",
            "anger",
            "happy",
            "happy",
            "happy",
            "happy",
            "happy",
            "anger",
            "happy"
        ],
        "min_prediction": "disgust",
        "neutrality_value": 3,
        "total_predicted_values": 54
    },
    "video_data": {
        "final_prediction": "anger",
        "counts": {
            "anger": 7,
            "disgust": 0,
            "fear": 0,
            "happy": 1,
            "sad": 1,
            "surprise": 0
        },
        "predictions": [
            "sad",
            "happy",
            "anger",
            "anger",
            "anger",
            "anger",
            "anger",
            "anger",
            "anger"
        ],
        "min_prediction": "disgust",
        "neutrality_value": 0,
        "total_predicted_values": 9
    },
    "final_data": {
        "final_prediction": "Higher Chance of Selection",
        "counts": {
            "anger": 64,
            "disgust": 2,
            "fear": 79,
            "happy": 57,
            "sad": 7,
            "surprise": 23
        },
        "neutrality_value": 102,
        "positivity_value": 80,
        "negativity_value": 66,
        "total_predicted_values": 232
    },
    "behavior_mapping": {
        "aggressive_ness": 58,
        "calmness": 42,
        "confidence": 71.5
    },
    "frequency": {
        "total_sentences": 18,
        "total_words": 755,
        "speed_per_minute": 159.54636706230409
    }
}